end_week,state,sex,age_group_new,covid_19_deaths,total_deaths
2020-10-03T00:00:00.000,United States,All Sexes,All Ages,198809,2150188
2020-10-03T00:00:00.000,United States,All Sexes,Under 1 year,22,12092
2020-10-03T00:00:00.000,United States,All Sexes,0-17 years,100,21449
2020-10-03T00:00:00.000,United States,All Sexes,1-4 years,15,2307
2020-10-03T00:00:00.000,United States,All Sexes,5-14 years,35,3597
2020-10-03T00:00:00.000,United States,All Sexes,15-24 years,369,23153
2020-10-03T00:00:00.000,United States,All Sexes,18-29 years,889,41027
2020-10-03T00:00:00.000,United States,All Sexes,25-34 years,1541,47522
2020-10-03T00:00:00.000,United States,All Sexes,30-49 years,9181,142650
2020-10-03T00:00:00.000,United States,All Sexes,35-44 years,4039,67177
2020-10-03T00:00:00.000,United States,All Sexes,45-54 years,10627,123171
2020-10-03T00:00:00.000,United States,All Sexes,50-64 years,31899,355464
2020-10-03T00:00:00.000,United States,All Sexes,55-64 years,25421,281571
2020-10-03T00:00:00.000,United States,All Sexes,65-74 years,42950,426332
2020-10-03T00:00:00.000,United States,All Sexes,75-84 years,52618,519488
2020-10-03T00:00:00.000,United States,All Sexes,85 years and over,61172,643778
2020-10-03T00:00:00.000,United States,Male,All Ages,107472,1122212
2020-10-03T00:00:00.000,United States,Male,Under 1 year,15,6692
2020-10-03T00:00:00.000,United States,Male,0-17 years,59,12617
2020-10-03T00:00:00.000,United States,Male,1-4 years,7,1352
2020-10-03T00:00:00.000,United States,Male,5-14 years,23,2135
2020-10-03T00:00:00.000,United States,Male,15-24 years,226,17171
2020-10-03T00:00:00.000,United States,Male,18-29 years,575,30106
2020-10-03T00:00:00.000,United States,Male,25-34 years,1021,33556
2020-10-03T00:00:00.000,United States,Male,30-49 years,6274,93638
2020-10-03T00:00:00.000,United States,Male,35-44 years,2747,44289
2020-10-03T00:00:00.000,United States,Male,45-54 years,7232,77465
2020-10-03T00:00:00.000,United States,Male,50-64 years,20836,219668
2020-10-03T00:00:00.000,United States,Male,55-64 years,16473,173369
2020-10-03T00:00:00.000,United States,Male,65-74 years,26345,247634
2020-10-03T00:00:00.000,United States,Male,75-84 years,28937,269961
2020-10-03T00:00:00.000,United States,Male,85 years and over,24446,248588
2020-10-03T00:00:00.000,United States,Female,All Ages,91332,1027893
2020-10-03T00:00:00.000,United States,Female,Under 1 year,7,5380
2020-10-03T00:00:00.000,United States,Female,0-17 years,41,8811
2020-10-03T00:00:00.000,United States,Female,1-4 years,8,955
2020-10-03T00:00:00.000,United States,Female,5-14 years,12,1462
2020-10-03T00:00:00.000,United States,Female,15-24 years,143,5981
2020-10-03T00:00:00.000,United States,Female,18-29 years,314,10921
2020-10-03T00:00:00.000,United States,Female,25-34 years,520,13964
2020-10-03T00:00:00.000,United States,Female,30-49 years,2907,49004
2020-10-03T00:00:00.000,United States,Female,35-44 years,1292,22883
2020-10-03T00:00:00.000,United States,Female,45-54 years,3394,45703
2020-10-03T00:00:00.000,United States,Female,50-64 years,11062,135786
2020-10-03T00:00:00.000,United States,Female,55-64 years,8948,108194
2020-10-03T00:00:00.000,United States,Female,65-74 years,16604,178689
2020-10-03T00:00:00.000,United States,Female,75-84 years,23680,249513
2020-10-03T00:00:00.000,United States,Female,85 years and over,36724,395169
2020-10-03T00:00:00.000,United States,Unknown,All Ages,5,83
2020-10-03T00:00:00.000,United States,Unknown,Under 1 year,0,20
2020-10-03T00:00:00.000,United States,Unknown,0-17 years,0,21
2020-10-03T00:00:00.000,United States,Unknown,1-4 years,0,0
2020-10-03T00:00:00.000,United States,Unknown,5-14 years,0,0
2020-10-03T00:00:00.000,United States,Unknown,15-24 years,0,1
2020-10-03T00:00:00.000,United States,Unknown,18-29 years,0,0
2020-10-03T00:00:00.000,United States,Unknown,25-34 years,0,2
2020-10-03T00:00:00.000,United States,Unknown,30-49 years,0,8
2020-10-03T00:00:00.000,United States,Unknown,35-44 years,0,5
2020-10-03T00:00:00.000,United States,Unknown,45-54 years,1,3
2020-10-03T00:00:00.000,United States,Unknown,50-64 years,1,10
2020-10-03T00:00:00.000,United States,Unknown,55-64 years,0,8
2020-10-03T00:00:00.000,United States,Unknown,65-74 years,1,9
2020-10-03T00:00:00.000,United States,Unknown,75-84 years,1,14
2020-10-03T00:00:00.000,United States,Unknown,85 years and over,2,21
2020-10-03T00:00:00.000,Alabama,All Sexes,All Ages,3436,39879
2020-10-03T00:00:00.000,Alabama,Male,All Ages,1739,20647
2020-10-03T00:00:00.000,Alabama,Male,Under 1 year,,124
2020-10-03T00:00:00.000,Alabama,Male,0-17 years,,247
2020-10-03T00:00:00.000,Alabama,Male,1-4 years,0,25
2020-10-03T00:00:00.000,Alabama,Male,5-14 years,0,42
2020-10-03T00:00:00.000,Alabama,Male,15-24 years,,330
2020-10-03T00:00:00.000,Alabama,Male,18-29 years,10,539
2020-10-03T00:00:00.000,Alabama,Male,25-34 years,17,601
2020-10-03T00:00:00.000,Alabama,Male,30-49 years,103,1825
2020-10-03T00:00:00.000,Alabama,Male,35-44 years,45,893
2020-10-03T00:00:00.000,Alabama,Male,45-54 years,121,1545
2020-10-03T00:00:00.000,Alabama,Male,50-64 years,336,4501
2020-10-03T00:00:00.000,Alabama,Male,55-64 years,263,3552
2020-10-03T00:00:00.000,Alabama,Male,65-74 years,475,4925
2020-10-03T00:00:00.000,Alabama,Male,75-84 years,484,5050
2020-10-03T00:00:00.000,Alabama,Male,85 years and over,330,3560
2020-10-03T00:00:00.000,Alabama,Female,All Ages,1697,19232
2020-10-03T00:00:00.000,Alabama,Female,Under 1 year,0,100
2020-10-03T00:00:00.000,Alabama,Female,0-17 years,0,160
2020-10-03T00:00:00.000,Alabama,Female,1-4 years,0,22
2020-10-03T00:00:00.000,Alabama,Female,5-14 years,0,24
2020-10-03T00:00:00.000,Alabama,Female,15-24 years,,123
2020-10-03T00:00:00.000,Alabama,Female,18-29 years,,196
2020-10-03T00:00:00.000,Alabama,Female,25-34 years,10,263
2020-10-03T00:00:00.000,Alabama,Female,30-49 years,70,1070
2020-10-03T00:00:00.000,Alabama,Female,35-44 years,31,485
2020-10-03T00:00:00.000,Alabama,Female,45-54 years,90,1041
2020-10-03T00:00:00.000,Alabama,Female,50-64 years,270,3012
2020-10-03T00:00:00.000,Alabama,Female,55-64 years,211,2380
2020-10-03T00:00:00.000,Alabama,Female,65-74 years,364,3698
2020-10-03T00:00:00.000,Alabama,Female,75-84 years,446,5034
2020-10-03T00:00:00.000,Alabama,Female,85 years and over,543,6062
2020-10-03T00:00:00.000,Alabama,Unknown,All Ages,0,0
2020-10-03T00:00:00.000,Alabama,Unknown,Under 1 year,0,0
2020-10-03T00:00:00.000,Alabama,Unknown,0-17 years,0,0
2020-10-03T00:00:00.000,Alabama,Unknown,1-4 years,0,0
2020-10-03T00:00:00.000,Alabama,Unknown,5-14 years,0,0
2020-10-03T00:00:00.000,Alabama,Unknown,15-24 years,0,0
2020-10-03T00:00:00.000,Alabama,Unknown,18-29 years,0,0
2020-10-03T00:00:00.000,Alabama,Unknown,25-34 years,0,0
2020-10-03T00:00:00.000,Alabama,Unknown,30-49 years,0,0
2020-10-03T00:00:00.000,Alabama,Unknown,35-44 years,0,0
2020-10-03T00:00:00.000,Alabama,Unknown,45-54 years,0,0
2020-10-03T00:00:00.000,Alabama,Unknown,50-64 years,0,0
2020-10-03T00:00:00.000,Alabama,Unknown,55-64 years,0,0
2020-10-03T00:00:00.000,Alabama,Unknown,65-74 years,0,0
2020-10-03T00:00:00.000,Alabama,Unknown,75-84 years,0,0
2020-10-03T00:00:00.000,Alabama,Unknown,85 years and over,0,0
2020-10-03T00:00:00.000,Alaska,All Sexes,All Ages,44,2850
2020-10-03T00:00:00.000,Alaska,Male,All Ages,27,1660
2020-10-03T00:00:00.000,Alaska,Male,Under 1 year,0,14
2020-10-03T00:00:00.000,Alaska,Male,0-17 years,0,34
2020-10-03T00:00:00.000,Alaska,Male,1-4 years,0,
2020-10-03T00:00:00.000,Alaska,Male,5-14 years,0,11
2020-10-03T00:00:00.000,Alaska,Male,15-24 years,0,58
2020-10-03T00:00:00.000,Alaska,Male,18-29 years,0,89
2020-10-03T00:00:00.000,Alaska,Male,25-34 years,0,75
2020-10-03T00:00:00.000,Alaska,Male,30-49 years,,183
2020-10-03T00:00:00.000,Alaska,Male,35-44 years,0,97
2020-10-03T00:00:00.000,Alaska,Male,45-54 years,,130
2020-10-03T00:00:00.000,Alaska,Male,50-64 years,,383
2020-10-03T00:00:00.000,Alaska,Male,55-64 years,,301
2020-10-03T00:00:00.000,Alaska,Male,65-74 years,,378
2020-10-03T00:00:00.000,Alaska,Male,75-84 years,10,374
2020-10-03T00:00:00.000,Alaska,Male,85 years and over,,219
2020-10-03T00:00:00.000,Alaska,Female,All Ages,17,1190
2020-10-03T00:00:00.000,Alaska,Female,Under 1 year,0,10
2020-10-03T00:00:00.000,Alaska,Female,0-17 years,0,23
2020-10-03T00:00:00.000,Alaska,Female,1-4 years,0,
2020-10-03T00:00:00.000,Alaska,Female,5-14 years,0,
2020-10-03T00:00:00.000,Alaska,Female,15-24 years,0,25
2020-10-03T00:00:00.000,Alaska,Female,18-29 years,0,40
2020-10-03T00:00:00.000,Alaska,Female,25-34 years,,46
2020-10-03T00:00:00.000,Alaska,Female,30-49 years,,119
2020-10-03T00:00:00.000,Alaska,Female,35-44 years,0,59
2020-10-03T00:00:00.000,Alaska,Female,45-54 years,,81
2020-10-03T00:00:00.000,Alaska,Female,50-64 years,,215
2020-10-03T00:00:00.000,Alaska,Female,55-64 years,,169
2020-10-03T00:00:00.000,Alaska,Female,65-74 years,,251
2020-10-03T00:00:00.000,Alaska,Female,75-84 years,,240
2020-10-03T00:00:00.000,Alaska,Female,85 years and over,,302
2020-10-03T00:00:00.000,Alaska,Unknown,All Ages,0,0
2020-10-03T00:00:00.000,Alaska,Unknown,Under 1 year,0,0
2020-10-03T00:00:00.000,Alaska,Unknown,0-17 years,0,0
2020-10-03T00:00:00.000,Alaska,Unknown,1-4 years,0,0
2020-10-03T00:00:00.000,Alaska,Unknown,5-14 years,0,0
2020-10-03T00:00:00.000,Alaska,Unknown,15-24 years,0,0
2020-10-03T00:00:00.000,Alaska,Unknown,18-29 years,0,0
2020-10-03T00:00:00.000,Alaska,Unknown,25-34 years,0,0
2020-10-03T00:00:00.000,Alaska,Unknown,30-49 years,0,0
2020-10-03T00:00:00.000,Alaska,Unknown,35-44 years,0,0
2020-10-03T00:00:00.000,Alaska,Unknown,45-54 years,0,0
2020-10-03T00:00:00.000,Alaska,Unknown,50-64 years,0,0
2020-10-03T00:00:00.000,Alaska,Unknown,55-64 years,0,0
2020-10-03T00:00:00.000,Alaska,Unknown,65-74 years,0,0
2020-10-03T00:00:00.000,Alaska,Unknown,75-84 years,0,0
2020-10-03T00:00:00.000,Alaska,Unknown,85 years and over,0,0
2020-10-03T00:00:00.000,Arizona,All Sexes,All Ages,5055,50502
2020-10-03T00:00:00.000,Arizona,Male,All Ages,2906,27639
2020-10-03T00:00:00.000,Arizona,Male,Under 1 year,0,144
2020-10-03T00:00:00.000,Arizona,Male,0-17 years,,319
2020-10-03T00:00:00.000,Arizona,Male,1-4 years,,41
2020-10-03T00:00:00.000,Arizona,Male,5-14 years,,46
2020-10-03T00:00:00.000,Arizona,Male,15-24 years,14,579
2020-10-03T00:00:00.000,Arizona,Male,18-29 years,35,976
2020-10-03T00:00:00.000,Arizona,Male,25-34 years,56,1017
2020-10-03T00:00:00.000,Arizona,Male,30-49 years,241,2583
2020-10-03T00:00:00.000,Arizona,Male,35-44 years,111,1236
2020-10-03T00:00:00.000,Arizona,Male,45-54 years,250,1926
2020-10-03T00:00:00.000,Arizona,Male,50-64 years,653,5123
2020-10-03T00:00:00.000,Arizona,Male,55-64 years,499,4012
2020-10-03T00:00:00.000,Arizona,Male,65-74 years,687,6013
2020-10-03T00:00:00.000,Arizona,Male,75-84 years,757,6904
2020-10-03T00:00:00.000,Arizona,Male,85 years and over,528,5721
2020-10-03T00:00:00.000,Arizona,Female,All Ages,2149,22863
2020-10-03T00:00:00.000,Arizona,Female,Under 1 year,0,115
2020-10-03T00:00:00.000,Arizona,Female,0-17 years,0,224
2020-10-03T00:00:00.000,Arizona,Female,1-4 years,0,36
2020-10-03T00:00:00.000,Arizona,Female,5-14 years,0,38
2020-10-03T00:00:00.000,Arizona,Female,15-24 years,,179
2020-10-03T00:00:00.000,Arizona,Female,18-29 years,16,333
2020-10-03T00:00:00.000,Arizona,Female,25-34 years,30,442
2020-10-03T00:00:00.000,Arizona,Female,30-49 years,135,1223
2020-10-03T00:00:00.000,Arizona,Female,35-44 years,58,562
2020-10-03T00:00:00.000,Arizona,Female,45-54 years,113,1026
2020-10-03T00:00:00.000,Arizona,Female,50-64 years,354,3094
2020-10-03T00:00:00.000,Arizona,Female,55-64 years,298,2476
2020-10-03T00:00:00.000,Arizona,Female,65-74 years,465,4238
2020-10-03T00:00:00.000,Arizona,Female,75-84 years,565,5867
2020-10-03T00:00:00.000,Arizona,Female,85 years and over,614,7884
2020-10-03T00:00:00.000,Arizona,Unknown,All Ages,0,0
2020-10-03T00:00:00.000,Arizona,Unknown,Under 1 year,0,0
2020-10-03T00:00:00.000,Arizona,Unknown,0-17 years,0,0
2020-10-03T00:00:00.000,Arizona,Unknown,1-4 years,0,0
2020-10-03T00:00:00.000,Arizona,Unknown,5-14 years,0,0
2020-10-03T00:00:00.000,Arizona,Unknown,15-24 years,0,0
2020-10-03T00:00:00.000,Arizona,Unknown,18-29 years,0,0
2020-10-03T00:00:00.000,Arizona,Unknown,25-34 years,0,0
2020-10-03T00:00:00.000,Arizona,Unknown,30-49 years,0,0
2020-10-03T00:00:00.000,Arizona,Unknown,35-44 years,0,0
2020-10-03T00:00:00.000,Arizona,Unknown,45-54 years,0,0
2020-10-03T00:00:00.000,Arizona,Unknown,50-64 years,0,0
2020-10-03T00:00:00.000,Arizona,Unknown,55-64 years,0,0
2020-10-03T00:00:00.000,Arizona,Unknown,65-74 years,0,0
2020-10-03T00:00:00.000,Arizona,Unknown,75-84 years,0,0
2020-10-03T00:00:00.000,Arizona,Unknown,85 years and over,0,0
2020-10-03T00:00:00.000,Arkansas,All Sexes,All Ages,1265,23495
2020-10-03T00:00:00.000,Arkansas,Male,All Ages,676,12341
2020-10-03T00:00:00.000,Arkansas,Male,Under 1 year,0,93
2020-10-03T00:00:00.000,Arkansas,Male,0-17 years,0,186
2020-10-03T00:00:00.000,Arkansas,Male,1-4 years,0,22
2020-10-03T00:00:00.000,Arkansas,Male,5-14 years,0,28
2020-10-03T00:00:00.000,Arkansas,Male,15-24 years,,200
2020-10-03T00:00:00.000,Arkansas,Male,18-29 years,,295
2020-10-03T00:00:00.000,Arkansas,Male,25-34 years,,326
2020-10-03T00:00:00.000,Arkansas,Male,30-49 years,37,1065
2020-10-03T00:00:00.000,Arkansas,Male,35-44 years,12,495
2020-10-03T00:00:00.000,Arkansas,Male,45-54 years,48,861
2020-10-03T00:00:00.000,Arkansas,Male,50-64 years,133,2573
2020-10-03T00:00:00.000,Arkansas,Male,55-64 years,105,2094
2020-10-03T00:00:00.000,Arkansas,Male,65-74 years,150,3005
2020-10-03T00:00:00.000,Arkansas,Male,75-84 years,202,3048
2020-10-03T00:00:00.000,Arkansas,Male,85 years and over,150,2169
2020-10-03T00:00:00.000,Arkansas,Female,All Ages,589,11154
2020-10-03T00:00:00.000,Arkansas,Female,Under 1 year,0,63
2020-10-03T00:00:00.000,Arkansas,Female,0-17 years,0,105
2020-10-03T00:00:00.000,Arkansas,Female,1-4 years,0,15
2020-10-03T00:00:00.000,Arkansas,Female,5-14 years,0,18
2020-10-03T00:00:00.000,Arkansas,Female,15-24 years,,73
2020-10-03T00:00:00.000,Arkansas,Female,18-29 years,,134
2020-10-03T00:00:00.000,Arkansas,Female,25-34 years,,166
2020-10-03T00:00:00.000,Arkansas,Female,30-49 years,33,675
2020-10-03T00:00:00.000,Arkansas,Female,35-44 years,12,309
2020-10-03T00:00:00.000,Arkansas,Female,45-54 years,24,598
2020-10-03T00:00:00.000,Arkansas,Female,50-64 years,79,1656
2020-10-03T00:00:00.000,Arkansas,Female,55-64 years,70,1328
2020-10-03T00:00:00.000,Arkansas,Female,65-74 years,97,2170
2020-10-03T00:00:00.000,Arkansas,Female,75-84 years,150,2805
2020-10-03T00:00:00.000,Arkansas,Female,85 years and over,227,3609
2020-10-03T00:00:00.000,Arkansas,Unknown,All Ages,0,0
2020-10-03T00:00:00.000,Arkansas,Unknown,Under 1 year,0,0
2020-10-03T00:00:00.000,Arkansas,Unknown,0-17 years,0,0
2020-10-03T00:00:00.000,Arkansas,Unknown,1-4 years,0,0
2020-10-03T00:00:00.000,Arkansas,Unknown,5-14 years,0,0
2020-10-03T00:00:00.000,Arkansas,Unknown,15-24 years,0,0
2020-10-03T00:00:00.000,Arkansas,Unknown,18-29 years,0,0
2020-10-03T00:00:00.000,Arkansas,Unknown,25-34 years,0,0
2020-10-03T00:00:00.000,Arkansas,Unknown,30-49 years,0,0
2020-10-03T00:00:00.000,Arkansas,Unknown,35-44 years,0,0
2020-10-03T00:00:00.000,Arkansas,Unknown,45-54 years,0,0
2020-10-03T00:00:00.000,Arkansas,Unknown,50-64 years,0,0
2020-10-03T00:00:00.000,Arkansas,Unknown,55-64 years,0,0
2020-10-03T00:00:00.000,Arkansas,Unknown,65-74 years,0,0
2020-10-03T00:00:00.000,Arkansas,Unknown,75-84 years,0,0
2020-10-03T00:00:00.000,Arkansas,Unknown,85 years and over,0,0
2020-10-03T00:00:00.000,California,All Sexes,All Ages,15534,202764
2020-10-03T00:00:00.000,California,Male,All Ages,8992,108310
2020-10-03T00:00:00.000,California,Male,Under 1 year,,633
2020-10-03T00:00:00.000,California,Male,0-17 years,,1166
2020-10-03T00:00:00.000,California,Male,1-4 years,0,129
2020-10-03T00:00:00.000,California,Male,5-14 years,0,185
2020-10-03T00:00:00.000,California,Male,15-24 years,24,1871
2020-10-03T00:00:00.000,California,Male,18-29 years,61,3284
2020-10-03T00:00:00.000,California,Male,25-34 years,107,3510
2020-10-03T00:00:00.000,California,Male,30-49 years,711,9465
2020-10-03T00:00:00.000,California,Male,35-44 years,312,4526
2020-10-03T00:00:00.000,California,Male,45-54 years,793,7641
2020-10-03T00:00:00.000,California,Male,50-64 years,2110,20988
2020-10-03T00:00:00.000,California,Male,55-64 years,1647,16408
2020-10-03T00:00:00.000,California,Male,65-74 years,2206,22605
2020-10-03T00:00:00.000,California,Male,75-84 years,2064,24559
2020-10-03T00:00:00.000,California,Male,85 years and over,1838,26243
2020-10-03T00:00:00.000,California,Female,All Ages,6542,94452
2020-10-03T00:00:00.000,California,Female,Under 1 year,0,490
2020-10-03T00:00:00.000,California,Female,0-17 years,,845
2020-10-03T00:00:00.000,California,Female,1-4 years,,84
2020-10-03T00:00:00.000,California,Female,5-14 years,0,151
2020-10-03T00:00:00.000,California,Female,15-24 years,22,586
2020-10-03T00:00:00.000,California,Female,18-29 years,38,1022
2020-10-03T00:00:00.000,California,Female,25-34 years,52,1264
2020-10-03T00:00:00.000,California,Female,30-49 years,281,4435
2020-10-03T00:00:00.000,California,Female,35-44 years,136,2064
2020-10-03T00:00:00.000,California,Female,45-54 years,315,4248
2020-10-03T00:00:00.000,California,Female,50-64 years,902,12020
2020-10-03T00:00:00.000,California,Female,55-64 years,698,9435
2020-10-03T00:00:00.000,California,Female,65-74 years,1198,15377
2020-10-03T00:00:00.000,California,Female,75-84 years,1609,22008
2020-10-03T00:00:00.000,California,Female,85 years and over,2511,38745
2020-10-03T00:00:00.000,California,Unknown,All Ages,0,
2020-10-03T00:00:00.000,California,Unknown,Under 1 year,0,
2020-10-03T00:00:00.000,California,Unknown,0-17 years,0,
2020-10-03T00:00:00.000,California,Unknown,1-4 years,0,0
2020-10-03T00:00:00.000,California,Unknown,5-14 years,0,0
2020-10-03T00:00:00.000,California,Unknown,15-24 years,0,0
2020-10-03T00:00:00.000,California,Unknown,18-29 years,0,0
2020-10-03T00:00:00.000,California,Unknown,25-34 years,0,
2020-10-03T00:00:00.000,California,Unknown,30-49 years,0,
2020-10-03T00:00:00.000,California,Unknown,35-44 years,0,0
2020-10-03T00:00:00.000,California,Unknown,45-54 years,0,0
2020-10-03T00:00:00.000,California,Unknown,50-64 years,0,0
2020-10-03T00:00:00.000,California,Unknown,55-64 years,0,0
2020-10-03T00:00:00.000,California,Unknown,65-74 years,0,0
2020-10-03T00:00:00.000,California,Unknown,75-84 years,0,0
2020-10-03T00:00:00.000,California,Unknown,85 years and over,0,0
2020-10-03T00:00:00.000,Colorado,All Sexes,All Ages,1990,30183
2020-10-03T00:00:00.000,Colorado,Male,All Ages,1114,16162
2020-10-03T00:00:00.000,Colorado,Male,Under 1 year,0,107
2020-10-03T00:00:00.000,Colorado,Male,0-17 years,,237
2020-10-03T00:00:00.000,Colorado,Male,1-4 years,0,20
2020-10-03T00:00:00.000,Colorado,Male,5-14 years,0,43
2020-10-03T00:00:00.000,Colorado,Male,15-24 years,,372
2020-10-03T00:00:00.000,Colorado,Male,18-29 years,,636
2020-10-03T00:00:00.000,Colorado,Male,25-34 years,,697
2020-10-03T00:00:00.000,Colorado,Male,30-49 years,56,1681
2020-10-03T00:00:00.000,Colorado,Male,35-44 years,20,828
2020-10-03T00:00:00.000,Colorado,Male,45-54 years,69,1165
2020-10-03T00:00:00.000,Colorado,Male,50-64 years,180,3058
2020-10-03T00:00:00.000,Colorado,Male,55-64 years,144,2380
2020-10-03T00:00:00.000,Colorado,Male,65-74 years,242,3428
2020-10-03T00:00:00.000,Colorado,Male,75-84 years,315,3640
2020-10-03T00:00:00.000,Colorado,Male,85 years and over,314,3482
2020-10-03T00:00:00.000,Colorado,Female,All Ages,876,14020
2020-10-03T00:00:00.000,Colorado,Female,Under 1 year,0,111
2020-10-03T00:00:00.000,Colorado,Female,0-17 years,,170
2020-10-03T00:00:00.000,Colorado,Female,1-4 years,0,
2020-10-03T00:00:00.000,Colorado,Female,5-14 years,0,22
2020-10-03T00:00:00.000,Colorado,Female,15-24 years,,135
2020-10-03T00:00:00.000,Colorado,Female,18-29 years,,208
2020-10-03T00:00:00.000,Colorado,Female,25-34 years,,259
2020-10-03T00:00:00.000,Colorado,Female,30-49 years,15,811
2020-10-03T00:00:00.000,Colorado,Female,35-44 years,,371
2020-10-03T00:00:00.000,Colorado,Female,45-54 years,24,701
2020-10-03T00:00:00.000,Colorado,Female,50-64 years,69,1832
2020-10-03T00:00:00.000,Colorado,Female,55-64 years,50,1413
2020-10-03T00:00:00.000,Colorado,Female,65-74 years,136,2343
2020-10-03T00:00:00.000,Colorado,Female,75-84 years,242,3249
2020-10-03T00:00:00.000,Colorado,Female,85 years and over,411,5407
2020-10-03T00:00:00.000,Colorado,Unknown,All Ages,0,
2020-10-03T00:00:00.000,Colorado,Unknown,Under 1 year,0,
2020-10-03T00:00:00.000,Colorado,Unknown,0-17 years,0,
2020-10-03T00:00:00.000,Colorado,Unknown,1-4 years,0,0
2020-10-03T00:00:00.000,Colorado,Unknown,5-14 years,0,0
2020-10-03T00:00:00.000,Colorado,Unknown,15-24 years,0,0
2020-10-03T00:00:00.000,Colorado,Unknown,18-29 years,0,0
2020-10-03T00:00:00.000,Colorado,Unknown,25-34 years,0,0
2020-10-03T00:00:00.000,Colorado,Unknown,30-49 years,0,0
2020-10-03T00:00:00.000,Colorado,Unknown,35-44 years,0,0
2020-10-03T00:00:00.000,Colorado,Unknown,45-54 years,0,0
2020-10-03T00:00:00.000,Colorado,Unknown,50-64 years,0,0
2020-10-03T00:00:00.000,Colorado,Unknown,55-64 years,0,0
2020-10-03T00:00:00.000,Colorado,Unknown,65-74 years,0,0
2020-10-03T00:00:00.000,Colorado,Unknown,75-84 years,0,0
2020-10-03T00:00:00.000,Colorado,Unknown,85 years and over,0,0
2020-10-03T00:00:00.000,Connecticut,All Sexes,All Ages,4437,23033
2020-10-03T00:00:00.000,Connecticut,Male,All Ages,2129,11469
2020-10-03T00:00:00.000,Connecticut,Male,Under 1 year,0,49
2020-10-03T00:00:00.000,Connecticut,Male,0-17 years,0,79
2020-10-03T00:00:00.000,Connecticut,Male,1-4 years,0,
2020-10-03T00:00:00.000,Connecticut,Male,5-14 years,0,
2020-10-03T00:00:00.000,Connecticut,Male,15-24 years,,122
2020-10-03T00:00:00.000,Connecticut,Male,18-29 years,,246
2020-10-03T00:00:00.000,Connecticut,Male,25-34 years,11,324
2020-10-03T00:00:00.000,Connecticut,Male,30-49 years,59,825
2020-10-03T00:00:00.000,Connecticut,Male,35-44 years,19,365
2020-10-03T00:00:00.000,Connecticut,Male,45-54 years,77,724
2020-10-03T00:00:00.000,Connecticut,Male,50-64 years,285,2052
2020-10-03T00:00:00.000,Connecticut,Male,55-64 years,240,1603
2020-10-03T00:00:00.000,Connecticut,Male,65-74 years,461,2221
2020-10-03T00:00:00.000,Connecticut,Male,75-84 years,582,2706
2020-10-03T00:00:00.000,Connecticut,Male,85 years and over,738,3340
2020-10-03T00:00:00.000,Connecticut,Female,All Ages,2308,11549
2020-10-03T00:00:00.000,Connecticut,Female,Under 1 year,,33
2020-10-03T00:00:00.000,Connecticut,Female,0-17 years,,52
2020-10-03T00:00:00.000,Connecticut,Female,1-4 years,0,
2020-10-03T00:00:00.000,Connecticut,Female,5-14 years,0,
2020-10-03T00:00:00.000,Connecticut,Female,15-24 years,,48
2020-10-03T00:00:00.000,Connecticut,Female,18-29 years,,85
2020-10-03T00:00:00.000,Connecticut,Female,25-34 years,,97
2020-10-03T00:00:00.000,Connecticut,Female,30-49 years,24,389
2020-10-03T00:00:00.000,Connecticut,Female,35-44 years,,189
2020-10-03T00:00:00.000,Connecticut,Female,45-54 years,27,376
2020-10-03T00:00:00.000,Connecticut,Female,50-64 years,141,1174
2020-10-03T00:00:00.000,Connecticut,Female,55-64 years,126,944
2020-10-03T00:00:00.000,Connecticut,Female,65-74 years,300,1605
2020-10-03T00:00:00.000,Connecticut,Female,75-84 years,581,2702
2020-10-03T00:00:00.000,Connecticut,Female,85 years and over,1259,5542
2020-10-03T00:00:00.000,Connecticut,Unknown,All Ages,0,15
2020-10-03T00:00:00.000,Connecticut,Unknown,Under 1 year,0,0
2020-10-03T00:00:00.000,Connecticut,Unknown,0-17 years,0,0
2020-10-03T00:00:00.000,Connecticut,Unknown,1-4 years,0,0
2020-10-03T00:00:00.000,Connecticut,Unknown,5-14 years,0,0
2020-10-03T00:00:00.000,Connecticut,Unknown,15-24 years,0,0
2020-10-03T00:00:00.000,Connecticut,Unknown,18-29 years,0,0
2020-10-03T00:00:00.000,Connecticut,Unknown,25-34 years,0,0
2020-10-03T00:00:00.000,Connecticut,Unknown,30-49 years,0,
2020-10-03T00:00:00.000,Connecticut,Unknown,35-44 years,0,
2020-10-03T00:00:00.000,Connecticut,Unknown,45-54 years,0,0
2020-10-03T00:00:00.000,Connecticut,Unknown,50-64 years,0,
2020-10-03T00:00:00.000,Connecticut,Unknown,55-64 years,0,
2020-10-03T00:00:00.000,Connecticut,Unknown,65-74 years,0,
2020-10-03T00:00:00.000,Connecticut,Unknown,75-84 years,0,
2020-10-03T00:00:00.000,Connecticut,Unknown,85 years and over,0,
2020-10-03T00:00:00.000,Delaware,All Sexes,All Ages,569,6844
2020-10-03T00:00:00.000,Delaware,Male,All Ages,267,3454
2020-10-03T00:00:00.000,Delaware,Male,Under 1 year,0,17
2020-10-03T00:00:00.000,Delaware,Male,0-17 years,0,35
2020-10-03T00:00:00.000,Delaware,Male,1-4 years,0,
2020-10-03T00:00:00.000,Delaware,Male,5-14 years,0,
2020-10-03T00:00:00.000,Delaware,Male,15-24 years,,45
2020-10-03T00:00:00.000,Delaware,Male,18-29 years,,72
2020-10-03T00:00:00.000,Delaware,Male,25-34 years,,108
2020-10-03T00:00:00.000,Delaware,Male,30-49 years,10,287
2020-10-03T00:00:00.000,Delaware,Male,35-44 years,,128
2020-10-03T00:00:00.000,Delaware,Male,45-54 years,11,222
2020-10-03T00:00:00.000,Delaware,Male,50-64 years,41,625
2020-10-03T00:00:00.000,Delaware,Male,55-64 years,34,488
2020-10-03T00:00:00.000,Delaware,Male,65-74 years,77,791
2020-10-03T00:00:00.000,Delaware,Male,75-84 years,72,854
2020-10-03T00:00:00.000,Delaware,Male,85 years and over,65,790
2020-10-03T00:00:00.000,Delaware,Female,All Ages,302,3390
2020-10-03T00:00:00.000,Delaware,Female,Under 1 year,0,20
2020-10-03T00:00:00.000,Delaware,Female,0-17 years,0,33
2020-10-03T00:00:00.000,Delaware,Female,1-4 years,0,
2020-10-03T00:00:00.000,Delaware,Female,5-14 years,0,
2020-10-03T00:00:00.000,Delaware,Female,15-24 years,,22
2020-10-03T00:00:00.000,Delaware,Female,18-29 years,,30
2020-10-03T00:00:00.000,Delaware,Female,25-34 years,,33
2020-10-03T00:00:00.000,Delaware,Female,30-49 years,,138
2020-10-03T00:00:00.000,Delaware,Female,35-44 years,,77
2020-10-03T00:00:00.000,Delaware,Female,45-54 years,16,122
2020-10-03T00:00:00.000,Delaware,Female,50-64 years,36,417
2020-10-03T00:00:00.000,Delaware,Female,55-64 years,23,335
2020-10-03T00:00:00.000,Delaware,Female,65-74 years,45,599
2020-10-03T00:00:00.000,Delaware,Female,75-84 years,74,862
2020-10-03T00:00:00.000,Delaware,Female,85 years and over,136,1311
2020-10-03T00:00:00.000,Delaware,Unknown,All Ages,0,0
2020-10-03T00:00:00.000,Delaware,Unknown,Under 1 year,0,0
2020-10-03T00:00:00.000,Delaware,Unknown,0-17 years,0,0
2020-10-03T00:00:00.000,Delaware,Unknown,1-4 years,0,0
2020-10-03T00:00:00.000,Delaware,Unknown,5-14 years,0,0
2020-10-03T00:00:00.000,Delaware,Unknown,15-24 years,0,0
2020-10-03T00:00:00.000,Delaware,Unknown,18-29 years,0,0
2020-10-03T00:00:00.000,Delaware,Unknown,25-34 years,0,0
2020-10-03T00:00:00.000,Delaware,Unknown,30-49 years,0,0
2020-10-03T00:00:00.000,Delaware,Unknown,35-44 years,0,0
2020-10-03T00:00:00.000,Delaware,Unknown,45-54 years,0,0
2020-10-03T00:00:00.000,Delaware,Unknown,50-64 years,0,0
2020-10-03T00:00:00.000,Delaware,Unknown,55-64 years,0,0
2020-10-03T00:00:00.000,Delaware,Unknown,65-74 years,0,0
2020-10-03T00:00:00.000,Delaware,Unknown,75-84 years,0,0
2020-10-03T00:00:00.000,Delaware,Unknown,85 years and over,0,0
2020-10-03T00:00:00.000,District of Columbia,All Sexes,All Ages,760,4896
2020-10-03T00:00:00.000,District of Columbia,Male,All Ages,445,2704
2020-10-03T00:00:00.000,District of Columbia,Male,Under 1 year,,39
2020-10-03T00:00:00.000,District of Columbia,Male,0-17 years,,69
2020-10-03T00:00:00.000,District of Columbia,Male,1-4 years,0,
2020-10-03T00:00:00.000,District of Columbia,Male,5-14 years,0,10
2020-10-03T00:00:00.000,District of Columbia,Male,15-24 years,0,75
2020-10-03T00:00:00.000,District of Columbia,Male,18-29 years,,116
2020-10-03T00:00:00.000,District of Columbia,Male,25-34 years,,129
2020-10-03T00:00:00.000,District of Columbia,Male,30-49 years,42,331
2020-10-03T00:00:00.000,District of Columbia,Male,35-44 years,22,160
2020-10-03T00:00:00.000,District of Columbia,Male,45-54 years,48,250
2020-10-03T00:00:00.000,District of Columbia,Male,50-64 years,116,704
2020-10-03T00:00:00.000,District of Columbia,Male,55-64 years,86,548
2020-10-03T00:00:00.000,District of Columbia,Male,65-74 years,131,649
2020-10-03T00:00:00.000,District of Columbia,Male,75-84 years,91,463
2020-10-03T00:00:00.000,District of Columbia,Male,85 years and over,61,372
2020-10-03T00:00:00.000,District of Columbia,Female,All Ages,315,2192
2020-10-03T00:00:00.000,District of Columbia,Female,Under 1 year,0,27
2020-10-03T00:00:00.000,District of Columbia,Female,0-17 years,0,47
2020-10-03T00:00:00.000,District of Columbia,Female,1-4 years,0,11
2020-10-03T00:00:00.000,District of Columbia,Female,5-14 years,0,
2020-10-03T00:00:00.000,District of Columbia,Female,15-24 years,,14
2020-10-03T00:00:00.000,District of Columbia,Female,18-29 years,,34
2020-10-03T00:00:00.000,District of Columbia,Female,25-34 years,,42
2020-10-03T00:00:00.000,District of Columbia,Female,30-49 years,14,149
2020-10-03T00:00:00.000,District of Columbia,Female,35-44 years,,70
2020-10-03T00:00:00.000,District of Columbia,Female,45-54 years,21,146
2020-10-03T00:00:00.000,District of Columbia,Female,50-64 years,66,445
2020-10-03T00:00:00.000,District of Columbia,Female,55-64 years,53,356
2020-10-03T00:00:00.000,District of Columbia,Female,65-74 years,75,443
2020-10-03T00:00:00.000,District of Columbia,Female,75-84 years,66,420
2020-10-03T00:00:00.000,District of Columbia,Female,85 years and over,91,654
2020-10-03T00:00:00.000,District of Columbia,Unknown,All Ages,0,0
2020-10-03T00:00:00.000,District of Columbia,Unknown,Under 1 year,0,0
2020-10-03T00:00:00.000,District of Columbia,Unknown,0-17 years,0,0
2020-10-03T00:00:00.000,District of Columbia,Unknown,1-4 years,0,0
2020-10-03T00:00:00.000,District of Columbia,Unknown,5-14 years,0,0
2020-10-03T00:00:00.000,District of Columbia,Unknown,15-24 years,0,0
2020-10-03T00:00:00.000,District of Columbia,Unknown,18-29 years,0,0
2020-10-03T00:00:00.000,District of Columbia,Unknown,25-34 years,0,0
2020-10-03T00:00:00.000,District of Columbia,Unknown,30-49 years,0,0
2020-10-03T00:00:00.000,District of Columbia,Unknown,35-44 years,0,0
2020-10-03T00:00:00.000,District of Columbia,Unknown,45-54 years,0,0
2020-10-03T00:00:00.000,District of Columbia,Unknown,50-64 years,0,0
2020-10-03T00:00:00.000,District of Columbia,Unknown,55-64 years,0,0
2020-10-03T00:00:00.000,District of Columbia,Unknown,65-74 years,0,0
2020-10-03T00:00:00.000,District of Columbia,Unknown,75-84 years,0,0
2020-10-03T00:00:00.000,District of Columbia,Unknown,85 years and over,0,0
2020-10-03T00:00:00.000,Florida,All Sexes,All Ages,14828,162904
2020-10-03T00:00:00.000,Florida,Male,All Ages,8222,87074
2020-10-03T00:00:00.000,Florida,Male,Under 1 year,0,445
2020-10-03T00:00:00.000,Florida,Male,0-17 years,,824
2020-10-03T00:00:00.000,Florida,Male,1-4 years,0,93
2020-10-03T00:00:00.000,Florida,Male,5-14 years,,148
2020-10-03T00:00:00.000,Florida,Male,15-24 years,19,1136
2020-10-03T00:00:00.000,Florida,Male,18-29 years,39,2053
2020-10-03T00:00:00.000,Florida,Male,25-34 years,61,2342
2020-10-03T00:00:00.000,Florida,Male,30-49 years,378,6504
2020-10-03T00:00:00.000,Florida,Male,35-44 years,167,3128
2020-10-03T00:00:00.000,Florida,Male,45-54 years,430,5317
2020-10-03T00:00:00.000,Florida,Male,50-64 years,1366,15659
2020-10-03T00:00:00.000,Florida,Male,55-64 years,1108,12431
2020-10-03T00:00:00.000,Florida,Male,65-74 years,1969,18660
2020-10-03T00:00:00.000,Florida,Male,75-84 years,2435,22358
2020-10-03T00:00:00.000,Florida,Male,85 years and over,2032,21016
2020-10-03T00:00:00.000,Florida,Female,All Ages,6606,75820
2020-10-03T00:00:00.000,Florida,Female,Under 1 year,0,374
2020-10-03T00:00:00.000,Florida,Female,0-17 years,,612
2020-10-03T00:00:00.000,Florida,Female,1-4 years,0,78
2020-10-03T00:00:00.000,Florida,Female,5-14 years,,94
2020-10-03T00:00:00.000,Florida,Female,15-24 years,12,400
2020-10-03T00:00:00.000,Florida,Female,18-29 years,19,770
2020-10-03T00:00:00.000,Florida,Female,25-34 years,32,1046
2020-10-03T00:00:00.000,Florida,Female,30-49 years,204,3514
2020-10-03T00:00:00.000,Florida,Female,35-44 years,95,1679
2020-10-03T00:00:00.000,Florida,Female,45-54 years,208,3097
2020-10-03T00:00:00.000,Florida,Female,50-64 years,699,9471
2020-10-03T00:00:00.000,Florida,Female,55-64 years,576,7599
2020-10-03T00:00:00.000,Florida,Female,65-74 years,1243,12802
2020-10-03T00:00:00.000,Florida,Female,75-84 years,1858,18835
2020-10-03T00:00:00.000,Florida,Female,85 years and over,2579,29816
2020-10-03T00:00:00.000,Florida,Unknown,All Ages,0,10
2020-10-03T00:00:00.000,Florida,Unknown,Under 1 year,0,0
2020-10-03T00:00:00.000,Florida,Unknown,0-17 years,0,0
2020-10-03T00:00:00.000,Florida,Unknown,1-4 years,0,0
2020-10-03T00:00:00.000,Florida,Unknown,5-14 years,0,0
2020-10-03T00:00:00.000,Florida,Unknown,15-24 years,0,0
2020-10-03T00:00:00.000,Florida,Unknown,18-29 years,0,0
2020-10-03T00:00:00.000,Florida,Unknown,25-34 years,0,0
2020-10-03T00:00:00.000,Florida,Unknown,30-49 years,0,
2020-10-03T00:00:00.000,Florida,Unknown,35-44 years,0,
2020-10-03T00:00:00.000,Florida,Unknown,45-54 years,0,0
2020-10-03T00:00:00.000,Florida,Unknown,50-64 years,0,0
2020-10-03T00:00:00.000,Florida,Unknown,55-64 years,0,0
2020-10-03T00:00:00.000,Florida,Unknown,65-74 years,0,0
2020-10-03T00:00:00.000,Florida,Unknown,75-84 years,0,0
2020-10-03T00:00:00.000,Florida,Unknown,85 years and over,0,
2020-10-03T00:00:00.000,Georgia,All Sexes,All Ages,6114,64612
2020-10-03T00:00:00.000,Georgia,Male,All Ages,3204,33307
2020-10-03T00:00:00.000,Georgia,Male,Under 1 year,,209
2020-10-03T00:00:00.000,Georgia,Male,0-17 years,,409
2020-10-03T00:00:00.000,Georgia,Male,1-4 years,,51
2020-10-03T00:00:00.000,Georgia,Male,5-14 years,,87
2020-10-03T00:00:00.000,Georgia,Male,15-24 years,,570
2020-10-03T00:00:00.000,Georgia,Male,18-29 years,18,981
2020-10-03T00:00:00.000,Georgia,Male,25-34 years,35,1025
2020-10-03T00:00:00.000,Georgia,Male,30-49 years,193,2938
2020-10-03T00:00:00.000,Georgia,Male,35-44 years,76,1368
2020-10-03T00:00:00.000,Georgia,Male,45-54 years,234,2513
2020-10-03T00:00:00.000,Georgia,Male,50-64 years,657,7304
2020-10-03T00:00:00.000,Georgia,Male,55-64 years,515,5809
2020-10-03T00:00:00.000,Georgia,Male,65-74 years,876,8034
2020-10-03T00:00:00.000,Georgia,Male,75-84 years,891,7944
2020-10-03T00:00:00.000,Georgia,Male,85 years and over,563,5697
2020-10-03T00:00:00.000,Georgia,Female,All Ages,2910,31305
2020-10-03T00:00:00.000,Georgia,Female,Under 1 year,0,178
2020-10-03T00:00:00.000,Georgia,Female,0-17 years,,313
2020-10-03T00:00:00.000,Georgia,Female,1-4 years,0,45
2020-10-03T00:00:00.000,Georgia,Female,5-14 years,,55
2020-10-03T00:00:00.000,Georgia,Female,15-24 years,,176
2020-10-03T00:00:00.000,Georgia,Female,18-29 years,15,335
2020-10-03T00:00:00.000,Georgia,Female,25-34 years,32,451
2020-10-03T00:00:00.000,Georgia,Female,30-49 years,151,1813
2020-10-03T00:00:00.000,Georgia,Female,35-44 years,65,829
2020-10-03T00:00:00.000,Georgia,Female,45-54 years,141,1780
2020-10-03T00:00:00.000,Georgia,Female,50-64 years,451,4945
2020-10-03T00:00:00.000,Georgia,Female,55-64 years,374,3892
2020-10-03T00:00:00.000,Georgia,Female,65-74 years,633,6115
2020-10-03T00:00:00.000,Georgia,Female,75-84 years,779,7816
2020-10-03T00:00:00.000,Georgia,Female,85 years and over,880,9968
2020-10-03T00:00:00.000,Georgia,Unknown,All Ages,0,0
2020-10-03T00:00:00.000,Georgia,Unknown,Under 1 year,0,0
2020-10-03T00:00:00.000,Georgia,Unknown,0-17 years,0,0
2020-10-03T00:00:00.000,Georgia,Unknown,1-4 years,0,0
2020-10-03T00:00:00.000,Georgia,Unknown,5-14 years,0,0
2020-10-03T00:00:00.000,Georgia,Unknown,15-24 years,0,0
2020-10-03T00:00:00.000,Georgia,Unknown,18-29 years,0,0
2020-10-03T00:00:00.000,Georgia,Unknown,25-34 years,0,0
2020-10-03T00:00:00.000,Georgia,Unknown,30-49 years,0,0
2020-10-03T00:00:00.000,Georgia,Unknown,35-44 years,0,0
2020-10-03T00:00:00.000,Georgia,Unknown,45-54 years,0,0
2020-10-03T00:00:00.000,Georgia,Unknown,50-64 years,0,0
2020-10-03T00:00:00.000,Georgia,Unknown,55-64 years,0,0
2020-10-03T00:00:00.000,Georgia,Unknown,65-74 years,0,0
2020-10-03T00:00:00.000,Georgia,Unknown,75-84 years,0,0
2020-10-03T00:00:00.000,Georgia,Unknown,85 years and over,0,0
2020-10-03T00:00:00.000,Hawaii,All Sexes,All Ages,179,8008
2020-10-03T00:00:00.000,Hawaii,Male,All Ages,111,4324
2020-10-03T00:00:00.000,Hawaii,Male,Under 1 year,0,22
2020-10-03T00:00:00.000,Hawaii,Male,0-17 years,0,37
2020-10-03T00:00:00.000,Hawaii,Male,1-4 years,0,
2020-10-03T00:00:00.000,Hawaii,Male,5-14 years,0,
2020-10-03T00:00:00.000,Hawaii,Male,15-24 years,0,43
2020-10-03T00:00:00.000,Hawaii,Male,18-29 years,0,72
2020-10-03T00:00:00.000,Hawaii,Male,25-34 years,0,88
2020-10-03T00:00:00.000,Hawaii,Male,30-49 years,,328
2020-10-03T00:00:00.000,Hawaii,Male,35-44 years,,156
2020-10-03T00:00:00.000,Hawaii,Male,45-54 years,,300
2020-10-03T00:00:00.000,Hawaii,Male,50-64 years,25,796
2020-10-03T00:00:00.000,Hawaii,Male,55-64 years,18,614
2020-10-03T00:00:00.000,Hawaii,Male,65-74 years,27,965
2020-10-03T00:00:00.000,Hawaii,Male,75-84 years,24,980
2020-10-03T00:00:00.000,Hawaii,Male,85 years and over,34,1146
2020-10-03T00:00:00.000,Hawaii,Female,All Ages,68,3683
2020-10-03T00:00:00.000,Hawaii,Female,Under 1 year,0,29
2020-10-03T00:00:00.000,Hawaii,Female,0-17 years,0,40
2020-10-03T00:00:00.000,Hawaii,Female,1-4 years,0,
2020-10-03T00:00:00.000,Hawaii,Female,5-14 years,0,
2020-10-03T00:00:00.000,Hawaii,Female,15-24 years,0,19
2020-10-03T00:00:00.000,Hawaii,Female,18-29 years,,32
2020-10-03T00:00:00.000,Hawaii,Female,25-34 years,,38
2020-10-03T00:00:00.000,Hawaii,Female,30-49 years,,143
2020-10-03T00:00:00.000,Hawaii,Female,35-44 years,,62
2020-10-03T00:00:00.000,Hawaii,Female,45-54 years,,142
2020-10-03T00:00:00.000,Hawaii,Female,50-64 years,,415
2020-10-03T00:00:00.000,Hawaii,Female,55-64 years,,331
2020-10-03T00:00:00.000,Hawaii,Female,65-74 years,12,582
2020-10-03T00:00:00.000,Hawaii,Female,75-84 years,13,737
2020-10-03T00:00:00.000,Hawaii,Female,85 years and over,32,1734
2020-10-03T00:00:00.000,Hawaii,Unknown,All Ages,0,
2020-10-03T00:00:00.000,Hawaii,Unknown,Under 1 year,0,
2020-10-03T00:00:00.000,Hawaii,Unknown,0-17 years,0,
2020-10-03T00:00:00.000,Hawaii,Unknown,1-4 years,0,0
2020-10-03T00:00:00.000,Hawaii,Unknown,5-14 years,0,0
2020-10-03T00:00:00.000,Hawaii,Unknown,15-24 years,0,0
2020-10-03T00:00:00.000,Hawaii,Unknown,18-29 years,0,0
2020-10-03T00:00:00.000,Hawaii,Unknown,25-34 years,0,0
2020-10-03T00:00:00.000,Hawaii,Unknown,30-49 years,0,0
2020-10-03T00:00:00.000,Hawaii,Unknown,35-44 years,0,0
2020-10-03T00:00:00.000,Hawaii,Unknown,45-54 years,0,0
2020-10-03T00:00:00.000,Hawaii,Unknown,50-64 years,0,0
2020-10-03T00:00:00.000,Hawaii,Unknown,55-64 years,0,0
2020-10-03T00:00:00.000,Hawaii,Unknown,65-74 years,0,0
2020-10-03T00:00:00.000,Hawaii,Unknown,75-84 years,0,0
2020-10-03T00:00:00.000,Hawaii,Unknown,85 years and over,0,0
2020-10-03T00:00:00.000,Idaho,All Sexes,All Ages,489,10411
2020-10-03T00:00:00.000,Idaho,Male,All Ages,276,5521
2020-10-03T00:00:00.000,Idaho,Male,Under 1 year,0,39
2020-10-03T00:00:00.000,Idaho,Male,0-17 years,0,91
2020-10-03T00:00:00.000,Idaho,Male,1-4 years,0,11
2020-10-03T00:00:00.000,Idaho,Male,5-14 years,0,18
2020-10-03T00:00:00.000,Idaho,Male,15-24 years,0,98
2020-10-03T00:00:00.000,Idaho,Male,18-29 years,0,137
2020-10-03T00:00:00.000,Idaho,Male,25-34 years,0,127
2020-10-03T00:00:00.000,Idaho,Male,30-49 years,,397
2020-10-03T00:00:00.000,Idaho,Male,35-44 years,,193
2020-10-03T00:00:00.000,Idaho,Male,45-54 years,,310
2020-10-03T00:00:00.000,Idaho,Male,50-64 years,27,912
2020-10-03T00:00:00.000,Idaho,Male,55-64 years,24,741
2020-10-03T00:00:00.000,Idaho,Male,65-74 years,53,1216
2020-10-03T00:00:00.000,Idaho,Male,75-84 years,97,1464
2020-10-03T00:00:00.000,Idaho,Male,85 years and over,90,1304
2020-10-03T00:00:00.000,Idaho,Female,All Ages,213,4890
2020-10-03T00:00:00.000,Idaho,Female,Under 1 year,0,29
2020-10-03T00:00:00.000,Idaho,Female,0-17 years,0,52
2020-10-03T00:00:00.000,Idaho,Female,1-4 years,0,
2020-10-03T00:00:00.000,Idaho,Female,5-14 years,0,
2020-10-03T00:00:00.000,Idaho,Female,15-24 years,0,33
2020-10-03T00:00:00.000,Idaho,Female,18-29 years,0,52
2020-10-03T00:00:00.000,Idaho,Female,25-34 years,0,72
2020-10-03T00:00:00.000,Idaho,Female,30-49 years,,220
2020-10-03T00:00:00.000,Idaho,Female,35-44 years,,107
2020-10-03T00:00:00.000,Idaho,Female,45-54 years,,195
2020-10-03T00:00:00.000,Idaho,Female,50-64 years,19,634
2020-10-03T00:00:00.000,Idaho,Female,55-64 years,16,512
2020-10-03T00:00:00.000,Idaho,Female,65-74 years,40,861
2020-10-03T00:00:00.000,Idaho,Female,75-84 years,48,1244
2020-10-03T00:00:00.000,Idaho,Female,85 years and over,100,1827
2020-10-03T00:00:00.000,Idaho,Unknown,All Ages,0,0
2020-10-03T00:00:00.000,Idaho,Unknown,Under 1 year,0,0
2020-10-03T00:00:00.000,Idaho,Unknown,0-17 years,0,0
2020-10-03T00:00:00.000,Idaho,Unknown,1-4 years,0,0
2020-10-03T00:00:00.000,Idaho,Unknown,5-14 years,0,0
2020-10-03T00:00:00.000,Idaho,Unknown,15-24 years,0,0
2020-10-03T00:00:00.000,Idaho,Unknown,18-29 years,0,0
2020-10-03T00:00:00.000,Idaho,Unknown,25-34 years,0,0
2020-10-03T00:00:00.000,Idaho,Unknown,30-49 years,0,0
2020-10-03T00:00:00.000,Idaho,Unknown,35-44 years,0,0
2020-10-03T00:00:00.000,Idaho,Unknown,45-54 years,0,0
2020-10-03T00:00:00.000,Idaho,Unknown,50-64 years,0,0
2020-10-03T00:00:00.000,Idaho,Unknown,55-64 years,0,0
2020-10-03T00:00:00.000,Idaho,Unknown,65-74 years,0,0
2020-10-03T00:00:00.000,Idaho,Unknown,75-84 years,0,0
2020-10-03T00:00:00.000,Idaho,Unknown,85 years and over,0,0
2020-10-03T00:00:00.000,Illinois,All Sexes,All Ages,7930,82908
2020-10-03T00:00:00.000,Illinois,Male,All Ages,4330,42682
2020-10-03T00:00:00.000,Illinois,Male,Under 1 year,,247
2020-10-03T00:00:00.000,Illinois,Male,0-17 years,,487
2020-10-03T00:00:00.000,Illinois,Male,1-4 years,0,46
2020-10-03T00:00:00.000,Illinois,Male,5-14 years,,78
2020-10-03T00:00:00.000,Illinois,Male,15-24 years,10,721
2020-10-03T00:00:00.000,Illinois,Male,18-29 years,24,1259
2020-10-03T00:00:00.000,Illinois,Male,25-34 years,45,1303
2020-10-03T00:00:00.000,Illinois,Male,30-49 years,295,3536
2020-10-03T00:00:00.000,Illinois,Male,35-44 years,135,1682
2020-10-03T00:00:00.000,Illinois,Male,45-54 years,325,2963
2020-10-03T00:00:00.000,Illinois,Male,50-64 years,844,8508
2020-10-03T00:00:00.000,Illinois,Male,55-64 years,648,6750
2020-10-03T00:00:00.000,Illinois,Male,65-74 years,1093,9358
2020-10-03T00:00:00.000,Illinois,Male,75-84 years,1130,9920
2020-10-03T00:00:00.000,Illinois,Male,85 years and over,942,9614
2020-10-03T00:00:00.000,Illinois,Female,All Ages,3600,40225
2020-10-03T00:00:00.000,Illinois,Female,Under 1 year,,193
2020-10-03T00:00:00.000,Illinois,Female,0-17 years,,316
2020-10-03T00:00:00.000,Illinois,Female,1-4 years,0,33
2020-10-03T00:00:00.000,Illinois,Female,5-14 years,0,58
2020-10-03T00:00:00.000,Illinois,Female,15-24 years,,243
2020-10-03T00:00:00.000,Illinois,Female,18-29 years,13,408
2020-10-03T00:00:00.000,Illinois,Female,25-34 years,22,454
2020-10-03T00:00:00.000,Illinois,Female,30-49 years,114,1699
2020-10-03T00:00:00.000,Illinois,Female,35-44 years,54,802
2020-10-03T00:00:00.000,Illinois,Female,45-54 years,130,1636
2020-10-03T00:00:00.000,Illinois,Female,50-64 years,434,5152
2020-10-03T00:00:00.000,Illinois,Female,55-64 years,347,4156
2020-10-03T00:00:00.000,Illinois,Female,65-74 years,611,6816
2020-10-03T00:00:00.000,Illinois,Female,75-84 years,881,9550
2020-10-03T00:00:00.000,Illinois,Female,85 years and over,1546,16284
2020-10-03T00:00:00.000,Illinois,Unknown,All Ages,0,
2020-10-03T00:00:00.000,Illinois,Unknown,Under 1 year,0,
2020-10-03T00:00:00.000,Illinois,Unknown,0-17 years,0,
2020-10-03T00:00:00.000,Illinois,Unknown,1-4 years,0,0
2020-10-03T00:00:00.000,Illinois,Unknown,5-14 years,0,0
2020-10-03T00:00:00.000,Illinois,Unknown,15-24 years,0,0
2020-10-03T00:00:00.000,Illinois,Unknown,18-29 years,0,0
2020-10-03T00:00:00.000,Illinois,Unknown,25-34 years,0,0
2020-10-03T00:00:00.000,Illinois,Unknown,30-49 years,0,0
2020-10-03T00:00:00.000,Illinois,Unknown,35-44 years,0,0
2020-10-03T00:00:00.000,Illinois,Unknown,45-54 years,0,0
2020-10-03T00:00:00.000,Illinois,Unknown,50-64 years,0,0
2020-10-03T00:00:00.000,Illinois,Unknown,55-64 years,0,0
2020-10-03T00:00:00.000,Illinois,Unknown,65-74 years,0,0
2020-10-03T00:00:00.000,Illinois,Unknown,75-84 years,0,0
2020-10-03T00:00:00.000,Illinois,Unknown,85 years and over,0,0
2020-10-03T00:00:00.000,Indiana,All Sexes,All Ages,3613,48512
2020-10-03T00:00:00.000,Indiana,Male,All Ages,1837,24762
2020-10-03T00:00:00.000,Indiana,Male,Under 1 year,0,155
2020-10-03T00:00:00.000,Indiana,Male,0-17 years,,284
2020-10-03T00:00:00.000,Indiana,Male,1-4 years,,23
2020-10-03T00:00:00.000,Indiana,Male,5-14 years,0,58
2020-10-03T00:00:00.000,Indiana,Male,15-24 years,,388
2020-10-03T00:00:00.000,Indiana,Male,18-29 years,,704
2020-10-03T00:00:00.000,Indiana,Male,25-34 years,10,787
2020-10-03T00:00:00.000,Indiana,Male,30-49 years,55,1989
2020-10-03T00:00:00.000,Indiana,Male,35-44 years,20,893
2020-10-03T00:00:00.000,Indiana,Male,45-54 years,66,1642
2020-10-03T00:00:00.000,Indiana,Male,50-64 years,257,4870
2020-10-03T00:00:00.000,Indiana,Male,55-64 years,219,3901
2020-10-03T00:00:00.000,Indiana,Male,65-74 years,483,5633
2020-10-03T00:00:00.000,Indiana,Male,75-84 years,530,6041
2020-10-03T00:00:00.000,Indiana,Male,85 years and over,507,5241
2020-10-03T00:00:00.000,Indiana,Female,All Ages,1776,23750
2020-10-03T00:00:00.000,Indiana,Female,Under 1 year,0,143
2020-10-03T00:00:00.000,Indiana,Female,0-17 years,0,220
2020-10-03T00:00:00.000,Indiana,Female,1-4 years,0,21
2020-10-03T00:00:00.000,Indiana,Female,5-14 years,0,35
2020-10-03T00:00:00.000,Indiana,Female,15-24 years,,125
2020-10-03T00:00:00.000,Indiana,Female,18-29 years,,249
2020-10-03T00:00:00.000,Indiana,Female,25-34 years,,314
2020-10-03T00:00:00.000,Indiana,Female,30-49 years,36,1060
2020-10-03T00:00:00.000,Indiana,Female,35-44 years,18,463
2020-10-03T00:00:00.000,Indiana,Female,45-54 years,46,1052
2020-10-03T00:00:00.000,Indiana,Female,50-64 years,158,3266
2020-10-03T00:00:00.000,Indiana,Female,55-64 years,129,2642
2020-10-03T00:00:00.000,Indiana,Female,65-74 years,296,4242
2020-10-03T00:00:00.000,Indiana,Female,75-84 years,511,5895
2020-10-03T00:00:00.000,Indiana,Female,85 years and over,771,8818
2020-10-03T00:00:00.000,Indiana,Unknown,All Ages,0,0
2020-10-03T00:00:00.000,Indiana,Unknown,Under 1 year,0,0
2020-10-03T00:00:00.000,Indiana,Unknown,0-17 years,0,0
2020-10-03T00:00:00.000,Indiana,Unknown,1-4 years,0,0
2020-10-03T00:00:00.000,Indiana,Unknown,5-14 years,0,0
2020-10-03T00:00:00.000,Indiana,Unknown,15-24 years,0,0
2020-10-03T00:00:00.000,Indiana,Unknown,18-29 years,0,0
2020-10-03T00:00:00.000,Indiana,Unknown,25-34 years,0,0
2020-10-03T00:00:00.000,Indiana,Unknown,30-49 years,0,0
2020-10-03T00:00:00.000,Indiana,Unknown,35-44 years,0,0
2020-10-03T00:00:00.000,Indiana,Unknown,45-54 years,0,0
2020-10-03T00:00:00.000,Indiana,Unknown,50-64 years,0,0
2020-10-03T00:00:00.000,Indiana,Unknown,55-64 years,0,0
2020-10-03T00:00:00.000,Indiana,Unknown,65-74 years,0,0
2020-10-03T00:00:00.000,Indiana,Unknown,75-84 years,0,0
2020-10-03T00:00:00.000,Indiana,Unknown,85 years and over,0,0
2020-10-03T00:00:00.000,Iowa,All Sexes,All Ages,1375,21563
2020-10-03T00:00:00.000,Iowa,Male,All Ages,713,10929
2020-10-03T00:00:00.000,Iowa,Male,Under 1 year,0,47
2020-10-03T00:00:00.000,Iowa,Male,0-17 years,0,107
2020-10-03T00:00:00.000,Iowa,Male,1-4 years,0,13
2020-10-03T00:00:00.000,Iowa,Male,5-14 years,0,22
2020-10-03T00:00:00.000,Iowa,Male,15-24 years,0,134
2020-10-03T00:00:00.000,Iowa,Male,18-29 years,,206
2020-10-03T00:00:00.000,Iowa,Male,25-34 years,,215
2020-10-03T00:00:00.000,Iowa,Male,30-49 years,24,663
2020-10-03T00:00:00.000,Iowa,Male,35-44 years,13,300
2020-10-03T00:00:00.000,Iowa,Male,45-54 years,35,626
2020-10-03T00:00:00.000,Iowa,Male,50-64 years,125,1910
2020-10-03T00:00:00.000,Iowa,Male,55-64 years,98,1529
2020-10-03T00:00:00.000,Iowa,Male,65-74 years,163,2375
2020-10-03T00:00:00.000,Iowa,Male,75-84 years,181,2691
2020-10-03T00:00:00.000,Iowa,Male,85 years and over,218,2977
2020-10-03T00:00:00.000,Iowa,Female,All Ages,662,10633
2020-10-03T00:00:00.000,Iowa,Female,Under 1 year,,46
2020-10-03T00:00:00.000,Iowa,Female,0-17 years,,73
2020-10-03T00:00:00.000,Iowa,Female,1-4 years,,
2020-10-03T00:00:00.000,Iowa,Female,5-14 years,0,11
2020-10-03T00:00:00.000,Iowa,Female,15-24 years,,42
2020-10-03T00:00:00.000,Iowa,Female,18-29 years,,68
2020-10-03T00:00:00.000,Iowa,Female,25-34 years,,93
2020-10-03T00:00:00.000,Iowa,Female,30-49 years,14,343
2020-10-03T00:00:00.000,Iowa,Female,35-44 years,,161
2020-10-03T00:00:00.000,Iowa,Female,45-54 years,16,345
2020-10-03T00:00:00.000,Iowa,Female,50-64 years,81,1194
2020-10-03T00:00:00.000,Iowa,Female,55-64 years,70,974
2020-10-03T00:00:00.000,Iowa,Female,65-74 years,110,1696
2020-10-03T00:00:00.000,Iowa,Female,75-84 years,157,2461
2020-10-03T00:00:00.000,Iowa,Female,85 years and over,295,4798
2020-10-03T00:00:00.000,Iowa,Unknown,All Ages,0,
2020-10-03T00:00:00.000,Iowa,Unknown,Under 1 year,0,
2020-10-03T00:00:00.000,Iowa,Unknown,0-17 years,0,
2020-10-03T00:00:00.000,Iowa,Unknown,1-4 years,0,0
2020-10-03T00:00:00.000,Iowa,Unknown,5-14 years,0,0
2020-10-03T00:00:00.000,Iowa,Unknown,15-24 years,0,0
2020-10-03T00:00:00.000,Iowa,Unknown,18-29 years,0,0
2020-10-03T00:00:00.000,Iowa,Unknown,25-34 years,0,0
2020-10-03T00:00:00.000,Iowa,Unknown,30-49 years,0,0
2020-10-03T00:00:00.000,Iowa,Unknown,35-44 years,0,0
2020-10-03T00:00:00.000,Iowa,Unknown,45-54 years,0,0
2020-10-03T00:00:00.000,Iowa,Unknown,50-64 years,0,0
2020-10-03T00:00:00.000,Iowa,Unknown,55-64 years,0,0
2020-10-03T00:00:00.000,Iowa,Unknown,65-74 years,0,0
2020-10-03T00:00:00.000,Iowa,Unknown,75-84 years,0,0
2020-10-03T00:00:00.000,Iowa,Unknown,85 years and over,0,0
2020-10-03T00:00:00.000,Kansas,All Sexes,All Ages,766,18826
2020-10-03T00:00:00.000,Kansas,Male,All Ages,440,9786
2020-10-03T00:00:00.000,Kansas,Male,Under 1 year,0,72
2020-10-03T00:00:00.000,Kansas,Male,0-17 years,0,126
2020-10-03T00:00:00.000,Kansas,Male,1-4 years,0,
2020-10-03T00:00:00.000,Kansas,Male,5-14 years,0,21
2020-10-03T00:00:00.000,Kansas,Male,15-24 years,,184
2020-10-03T00:00:00.000,Kansas,Male,18-29 years,,290
2020-10-03T00:00:00.000,Kansas,Male,25-34 years,,275
2020-10-03T00:00:00.000,Kansas,Male,30-49 years,22,720
2020-10-03T00:00:00.000,Kansas,Male,35-44 years,,333
2020-10-03T00:00:00.000,Kansas,Male,45-54 years,24,594
2020-10-03T00:00:00.000,Kansas,Male,50-64 years,76,1796
2020-10-03T00:00:00.000,Kansas,Male,55-64 years,64,1445
2020-10-03T00:00:00.000,Kansas,Male,65-74 years,100,2091
2020-10-03T00:00:00.000,Kansas,Male,75-84 years,127,2334
2020-10-03T00:00:00.000,Kansas,Male,85 years and over,112,2429
2020-10-03T00:00:00.000,Kansas,Female,All Ages,326,9039
2020-10-03T00:00:00.000,Kansas,Female,Under 1 year,0,50
2020-10-03T00:00:00.000,Kansas,Female,0-17 years,0,81
2020-10-03T00:00:00.000,Kansas,Female,1-4 years,0,
2020-10-03T00:00:00.000,Kansas,Female,5-14 years,0,15
2020-10-03T00:00:00.000,Kansas,Female,15-24 years,,56
2020-10-03T00:00:00.000,Kansas,Female,18-29 years,,82
2020-10-03T00:00:00.000,Kansas,Female,25-34 years,,104
2020-10-03T00:00:00.000,Kansas,Female,30-49 years,11,399
2020-10-03T00:00:00.000,Kansas,Female,35-44 years,,191
2020-10-03T00:00:00.000,Kansas,Female,45-54 years,,365
2020-10-03T00:00:00.000,Kansas,Female,50-64 years,37,1154
2020-10-03T00:00:00.000,Kansas,Female,55-64 years,32,929
2020-10-03T00:00:00.000,Kansas,Female,65-74 years,53,1541
2020-10-03T00:00:00.000,Kansas,Female,75-84 years,78,2082
2020-10-03T00:00:00.000,Kansas,Female,85 years and over,143,3700
2020-10-03T00:00:00.000,Kansas,Unknown,All Ages,0,
2020-10-03T00:00:00.000,Kansas,Unknown,Under 1 year,0,
2020-10-03T00:00:00.000,Kansas,Unknown,0-17 years,0,
2020-10-03T00:00:00.000,Kansas,Unknown,1-4 years,0,0
2020-10-03T00:00:00.000,Kansas,Unknown,5-14 years,0,0
2020-10-03T00:00:00.000,Kansas,Unknown,15-24 years,0,0
2020-10-03T00:00:00.000,Kansas,Unknown,18-29 years,0,0
2020-10-03T00:00:00.000,Kansas,Unknown,25-34 years,0,0
2020-10-03T00:00:00.000,Kansas,Unknown,30-49 years,0,0
2020-10-03T00:00:00.000,Kansas,Unknown,35-44 years,0,0
2020-10-03T00:00:00.000,Kansas,Unknown,45-54 years,0,0
2020-10-03T00:00:00.000,Kansas,Unknown,50-64 years,0,0
2020-10-03T00:00:00.000,Kansas,Unknown,55-64 years,0,0
2020-10-03T00:00:00.000,Kansas,Unknown,65-74 years,0,0
2020-10-03T00:00:00.000,Kansas,Unknown,75-84 years,0,0
2020-10-03T00:00:00.000,Kansas,Unknown,85 years and over,0,0
2020-10-03T00:00:00.000,Kentucky,All Sexes,All Ages,1264,33341
2020-10-03T00:00:00.000,Kentucky,Male,All Ages,593,17359
2020-10-03T00:00:00.000,Kentucky,Male,Under 1 year,0,83
2020-10-03T00:00:00.000,Kentucky,Male,0-17 years,0,189
2020-10-03T00:00:00.000,Kentucky,Male,1-4 years,0,21
2020-10-03T00:00:00.000,Kentucky,Male,5-14 years,0,32
2020-10-03T00:00:00.000,Kentucky,Male,15-24 years,0,287
2020-10-03T00:00:00.000,Kentucky,Male,18-29 years,0,475
2020-10-03T00:00:00.000,Kentucky,Male,25-34 years,,567
2020-10-03T00:00:00.000,Kentucky,Male,30-49 years,27,1766
2020-10-03T00:00:00.000,Kentucky,Male,35-44 years,17,882
2020-10-03T00:00:00.000,Kentucky,Male,45-54 years,28,1385
2020-10-03T00:00:00.000,Kentucky,Male,50-64 years,97,3911
2020-10-03T00:00:00.000,Kentucky,Male,55-64 years,77,3084
2020-10-03T00:00:00.000,Kentucky,Male,65-74 years,178,4058
2020-10-03T00:00:00.000,Kentucky,Male,75-84 years,159,4029
2020-10-03T00:00:00.000,Kentucky,Male,85 years and over,132,2931
2020-10-03T00:00:00.000,Kentucky,Female,All Ages,671,15981
2020-10-03T00:00:00.000,Kentucky,Female,Under 1 year,0,73
2020-10-03T00:00:00.000,Kentucky,Female,0-17 years,0,123
2020-10-03T00:00:00.000,Kentucky,Female,1-4 years,0,12
2020-10-03T00:00:00.000,Kentucky,Female,5-14 years,0,26
2020-10-03T00:00:00.000,Kentucky,Female,15-24 years,0,106
2020-10-03T00:00:00.000,Kentucky,Female,18-29 years,0,198
2020-10-03T00:00:00.000,Kentucky,Female,25-34 years,,252
2020-10-03T00:00:00.000,Kentucky,Female,30-49 years,,937
2020-10-03T00:00:00.000,Kentucky,Female,35-44 years,,423
2020-10-03T00:00:00.000,Kentucky,Female,45-54 years,16,903
2020-10-03T00:00:00.000,Kentucky,Female,50-64 years,70,2594
2020-10-03T00:00:00.000,Kentucky,Female,55-64 years,59,2057
2020-10-03T00:00:00.000,Kentucky,Female,65-74 years,116,3110
2020-10-03T00:00:00.000,Kentucky,Female,75-84 years,187,4043
2020-10-03T00:00:00.000,Kentucky,Female,85 years and over,289,4976
2020-10-03T00:00:00.000,Kentucky,Unknown,All Ages,0,
2020-10-03T00:00:00.000,Kentucky,Unknown,Under 1 year,0,
2020-10-03T00:00:00.000,Kentucky,Unknown,0-17 years,0,
2020-10-03T00:00:00.000,Kentucky,Unknown,1-4 years,0,0
2020-10-03T00:00:00.000,Kentucky,Unknown,5-14 years,0,0
2020-10-03T00:00:00.000,Kentucky,Unknown,15-24 years,0,0
2020-10-03T00:00:00.000,Kentucky,Unknown,18-29 years,0,0
2020-10-03T00:00:00.000,Kentucky,Unknown,25-34 years,0,0
2020-10-03T00:00:00.000,Kentucky,Unknown,30-49 years,0,0
2020-10-03T00:00:00.000,Kentucky,Unknown,35-44 years,0,0
2020-10-03T00:00:00.000,Kentucky,Unknown,45-54 years,0,0
2020-10-03T00:00:00.000,Kentucky,Unknown,50-64 years,0,0
2020-10-03T00:00:00.000,Kentucky,Unknown,55-64 years,0,0
2020-10-03T00:00:00.000,Kentucky,Unknown,65-74 years,0,0
2020-10-03T00:00:00.000,Kentucky,Unknown,75-84 years,0,0
2020-10-03T00:00:00.000,Kentucky,Unknown,85 years and over,0,0
2020-10-03T00:00:00.000,Louisiana,All Sexes,All Ages,4864,36053
2020-10-03T00:00:00.000,Louisiana,Male,All Ages,2568,18780
2020-10-03T00:00:00.000,Louisiana,Male,Under 1 year,0,117
2020-10-03T00:00:00.000,Louisiana,Male,0-17 years,,239
2020-10-03T00:00:00.000,Louisiana,Male,1-4 years,,27
2020-10-03T00:00:00.000,Louisiana,Male,5-14 years,,47
2020-10-03T00:00:00.000,Louisiana,Male,15-24 years,,292
2020-10-03T00:00:00.000,Louisiana,Male,18-29 years,14,524
2020-10-03T00:00:00.000,Louisiana,Male,25-34 years,20,599
2020-10-03T00:00:00.000,Louisiana,Male,30-49 years,136,1754
2020-10-03T00:00:00.000,Louisiana,Male,35-44 years,57,844
2020-10-03T00:00:00.000,Louisiana,Male,45-54 years,153,1385
2020-10-03T00:00:00.000,Louisiana,Male,50-64 years,465,3966
2020-10-03T00:00:00.000,Louisiana,Male,55-64 years,378,3172
2020-10-03T00:00:00.000,Louisiana,Male,65-74 years,676,4513
2020-10-03T00:00:00.000,Louisiana,Male,75-84 years,755,4417
2020-10-03T00:00:00.000,Louisiana,Male,85 years and over,518,3367
2020-10-03T00:00:00.000,Louisiana,Female,All Ages,2296,17273
2020-10-03T00:00:00.000,Louisiana,Female,Under 1 year,,104
2020-10-03T00:00:00.000,Louisiana,Female,0-17 years,,153
2020-10-03T00:00:00.000,Louisiana,Female,1-4 years,0,12
2020-10-03T00:00:00.000,Louisiana,Female,5-14 years,0,23
2020-10-03T00:00:00.000,Louisiana,Female,15-24 years,,120
2020-10-03T00:00:00.000,Louisiana,Female,18-29 years,10,214
2020-10-03T00:00:00.000,Louisiana,Female,25-34 years,17,279
2020-10-03T00:00:00.000,Louisiana,Female,30-49 years,98,969
2020-10-03T00:00:00.000,Louisiana,Female,35-44 years,50,460
2020-10-03T00:00:00.000,Louisiana,Female,45-54 years,104,876
2020-10-03T00:00:00.000,Louisiana,Female,50-64 years,353,2669
2020-10-03T00:00:00.000,Louisiana,Female,55-64 years,287,2131
2020-10-03T00:00:00.000,Louisiana,Female,65-74 years,441,3313
2020-10-03T00:00:00.000,Louisiana,Female,75-84 years,672,4355
2020-10-03T00:00:00.000,Louisiana,Female,85 years and over,721,5600
2020-10-03T00:00:00.000,Louisiana,Unknown,All Ages,0,0
2020-10-03T00:00:00.000,Louisiana,Unknown,Under 1 year,0,0
2020-10-03T00:00:00.000,Louisiana,Unknown,0-17 years,0,0
2020-10-03T00:00:00.000,Louisiana,Unknown,1-4 years,0,0
2020-10-03T00:00:00.000,Louisiana,Unknown,5-14 years,0,0
2020-10-03T00:00:00.000,Louisiana,Unknown,15-24 years,0,0
2020-10-03T00:00:00.000,Louisiana,Unknown,18-29 years,0,0
2020-10-03T00:00:00.000,Louisiana,Unknown,25-34 years,0,0
2020-10-03T00:00:00.000,Louisiana,Unknown,30-49 years,0,0
2020-10-03T00:00:00.000,Louisiana,Unknown,35-44 years,0,0
2020-10-03T00:00:00.000,Louisiana,Unknown,45-54 years,0,0
2020-10-03T00:00:00.000,Louisiana,Unknown,50-64 years,0,0
2020-10-03T00:00:00.000,Louisiana,Unknown,55-64 years,0,0
2020-10-03T00:00:00.000,Louisiana,Unknown,65-74 years,0,0
2020-10-03T00:00:00.000,Louisiana,Unknown,75-84 years,0,0
2020-10-03T00:00:00.000,Louisiana,Unknown,85 years and over,0,0
2020-10-03T00:00:00.000,Maine,All Sexes,All Ages,159,10333
2020-10-03T00:00:00.000,Maine,Male,All Ages,75,5436
2020-10-03T00:00:00.000,Maine,Male,Under 1 year,0,23
2020-10-03T00:00:00.000,Maine,Male,0-17 years,0,48
2020-10-03T00:00:00.000,Maine,Male,1-4 years,0,
